latitude,longitude,frp,confidence,acq_date,acq_time,instrument
18.38539,73.84612,109.22,n,2025-11-05,0015,VIIRS-SYNTHETIC
18.51841,73.92501,63.12,h,2025-11-01,1645,VIIRS-SYNTHETIC
18.55188,73.825,107.9,h,2025-11-24,0245,VIIRS-SYNTHETIC
18.5596,73.78379,67.96,n,2025-11-02,1730,VIIRS-SYNTHETIC
18.42931,73.79327,83.65,h,2025-11-27,0900,VIIRS-SYNTHETIC
18.4896,73.94879,43.13,l,2025-11-26,1400,VIIRS-SYNTHETIC
18.58369,73.91677,28.99,n,2025-11-01,0500,VIIRS-SYNTHETIC
18.62185,73.77892,25.41,n,2025-11-10,0215,VIIRS-SYNTHETIC
18.44167,73.84438,60.45,n,2025-11-23,0415,VIIRS-SYNTHETIC
18.48863,73.9392,33.33,n,2025-11-15,0945,VIIRS-SYNTHETIC
18.50823,73.83116,5.87,n,2025-11-12,2245,VIIRS-SYNTHETIC
18.62185,73.75217,94.57,n,2025-11-29,0945,VIIRS-SYNTHETIC
18.3941,73.82817,100.74,l,2025-11-10,1930,VIIRS-SYNTHETIC
18.46169,73.92724,119.98,n,2025-11-11,2100,VIIRS-SYNTHETIC
18.56376,73.93064,6.08,n,2025-11-08,1015,VIIRS-SYNTHETIC
18.58429,73.81956,114.38,n,2025-11-01,1030,VIIRS-SYNTHETIC
18.42792,73.77558,43.34,n,2025-11-30,2300,VIIRS-SYNTHETIC
18.51165,73.97072,56.73,n,2025-11-15,1500,VIIRS-SYNTHETIC
18.59767,73.83433,123.66,n,2025-11-17,0445,VIIRS-SYNTHETIC
18.60465,73.82319,75.06,n,2025-11-02,1345,VIIRS-SYNTHETIC
18.44996,73.86737,97.49,l,2025-11-19,1930,VIIRS-SYNTHETIC
18.43028,73.95061,98.65,n,2025-11-20,1300,VIIRS-SYNTHETIC
18.55863,73.93785,123.17,n,2025-11-19,1615,VIIRS-SYNTHETIC
18.62185,73.81986,109.73,n,2025-11-11,0730,VIIRS-SYNTHETIC
18.38539,73.80107,87.1,n,2025-11-29,0730,VIIRS-SYNTHETIC
18.46101,73.96861,43.93,n,2025-11-10,1300,VIIRS-SYNTHETIC
18.58827,73.9276,103.93,n,2025-11-20,0500,VIIRS-SYNTHETIC
18.61382,73.82827,82.64,l,2025-11-01,0215,VIIRS-SYNTHETIC
18.39944,73.80961,75.44,n,2025-11-11,1945,VIIRS-SYNTHETIC
18.49515,73.95008,28.54,n,2025-11-25,2045,VIIRS-SYNTHETIC
18.57969,73.87391,18.34,h,2025-11-16,0745,VIIRS-SYNTHETIC
18.59117,73.73445,53.08,l,2025-11-17,1415,VIIRS-SYNTHETIC
18.39681,73.84153,98.71,n,2025-11-15,1545,VIIRS-SYNTHETIC
18.4948,73.87269,84.73,n,2025-11-10,1715,VIIRS-SYNTHETIC
18.50719,73.8425,40.82,l,2025-11-28,1645,VIIRS-SYNTHETIC
18.59838,73.73193,38.46,n,2025-11-07,1000,VIIRS-SYNTHETIC
18.38539,73.84757,12.22,n,2025-11-21,0945,VIIRS-SYNTHETIC
18.49319,73.95023,62.35,n,2025-11-26,0245,VIIRS-SYNTHETIC
18.52277,73.85985,72.27,l,2025-11-12,0345,VIIRS-SYNTHETIC
18.59206,73.81519,123.73,n,2025-11-04,1245,VIIRS-SYNTHETIC
18.38539,73.83793,22.54,n,2025-11-26,1815,VIIRS-SYNTHETIC
18.49996,73.96694,17.94,n,2025-11-01,0145,VIIRS-SYNTHETIC
18.52819,73.82709,96.99,n,2025-11-17,1800,VIIRS-SYNTHETIC
18.59165,73.7622,71.25,h,2025-11-16,1645,VIIRS-SYNTHETIC
18.43205,73.84561,58.9,l,2025-11-13,1400,VIIRS-SYNTHETIC
18.44845,73.88801,13.43,n,2025-11-27,0345,VIIRS-SYNTHETIC
18.51071,73.82048,116.98,h,2025-11-21,0030,VIIRS-SYNTHETIC
18.5951,73.73193,66.31,n,2025-11-03,0515,VIIRS-SYNTHETIC
18.43304,73.79004,103.13,n,2025-11-26,1700,VIIRS-SYNTHETIC
18.49587,73.92072,102.69,l,2025-11-27,2245,VIIRS-SYNTHETIC
18.50058,73.83242,100.41,h,2025-11-29,1100,VIIRS-SYNTHETIC
18.57508,73.75062,99.21,h,2025-11-30,1500,VIIRS-SYNTHETIC
18.38539,73.75325,43.11,n,2025-11-15,2000,VIIRS-SYNTHETIC
18.45304,73.88814,75.89,n,2025-11-17,0115,VIIRS-SYNTHETIC
18.52351,73.82898,82.26,n,2025-11-03,1215,VIIRS-SYNTHETIC
18.62185,73.73193,42.16,n,2025-11-29,2030,VIIRS-SYNTHETIC
18.38539,73.83236,93.54,h,2025-11-02,0845,VIIRS-SYNTHETIC
18.42485,73.88533,77.19,n,2025-11-01,0145,VIIRS-SYNTHETIC
18.59947,73.85941,26.02,l,2025-11-02,1945,VIIRS-SYNTHETIC
18.59127,73.75903,6.45,h,2025-11-16,1300,VIIRS-SYNTHETIC
18.4465,73.80623,53.66,n,2025-11-27,1345,VIIRS-SYNTHETIC
18.48063,73.94376,13.37,h,2025-11-19,1200,VIIRS-SYNTHETIC
18.50185,73.90468,7.59,n,2025-11-07,1700,VIIRS-SYNTHETIC
18.61914,73.80579,124.36,l,2025-11-16,1030,VIIRS-SYNTHETIC
18.40463,73.78491,111.8,n,2025-11-07,0230,VIIRS-SYNTHETIC
18.42085,73.93774,82.3,l,2025-11-09,1615,VIIRS-SYNTHETIC
18.56475,73.873,75.79,h,2025-11-13,1515,VIIRS-SYNTHETIC
18.61033,73.77449,103.78,n,2025-11-13,1115,VIIRS-SYNTHETIC
18.39713,73.79396,46.22,n,2025-11-05,0930,VIIRS-SYNTHETIC
18.51425,73.86031,80.7,l,2025-11-15,1245,VIIRS-SYNTHETIC
18.5797,73.82745,119.9,h,2025-11-23,2115,VIIRS-SYNTHETIC
18.5664,73.75427,56.32,n,2025-11-19,0730,VIIRS-SYNTHETIC
18.39484,73.81737,37.94,h,2025-11-19,0745,VIIRS-SYNTHETIC
18.47037,73.92783,101.45,n,2025-11-08,0900,VIIRS-SYNTHETIC
18.52076,73.89908,71.15,l,2025-11-05,1830,VIIRS-SYNTHETIC
18.59243,73.74355,90.04,n,2025-11-01,1945,VIIRS-SYNTHETIC
18.38539,73.78226,29.8,n,2025-11-22,2245,VIIRS-SYNTHETIC
18.44544,73.96388,54.14,h,2025-11-15,1145,VIIRS-SYNTHETIC
18.52091,73.8882,28.42,n,2025-11-21,0400,VIIRS-SYNTHETIC
18.6096,73.74574,82.37,n,2025-11-25,1815,VIIRS-SYNTHETIC
18.44603,73.81124,6.72,n,2025-11-08,1415,VIIRS-SYNTHETIC
18.47903,73.97748,112.24,n,2025-11-18,1300,VIIRS-SYNTHETIC
18.5986,73.93091,52.89,n,2025-11-07,0600,VIIRS-SYNTHETIC
18.61405,73.77912,92.36,n,2025-11-22,1945,VIIRS-SYNTHETIC
18.38539,73.81544,63.1,n,2025-11-06,1745,VIIRS-SYNTHETIC
18.43019,73.92051,115.71,n,2025-11-15,1445,VIIRS-SYNTHETIC
18.50735,73.91167,14.17,l,2025-11-26,0900,VIIRS-SYNTHETIC
18.61158,73.82059,22.38,h,2025-11-26,0000,VIIRS-SYNTHETIC
18.38539,73.78929,23.74,n,2025-11-09,0400,VIIRS-SYNTHETIC
18.43652,73.95056,21.0,n,2025-11-13,1345,VIIRS-SYNTHETIC
18.51003,73.91993,46.81,h,2025-11-23,1200,VIIRS-SYNTHETIC
18.55129,73.73193,84.19,n,2025-11-20,1130,VIIRS-SYNTHETIC
18.38539,73.86046,34.95,h,2025-11-20,0915,VIIRS-SYNTHETIC
18.44139,73.9032,23.6,h,2025-11-04,1945,VIIRS-SYNTHETIC
18.51596,73.86031,50.59,h,2025-11-14,0545,VIIRS-SYNTHETIC
18.55878,73.78666,73.98,n,2025-11-15,1445,VIIRS-SYNTHETIC
18.43043,73.82397,64.62,l,2025-11-01,1415,VIIRS-SYNTHETIC
18.51108,73.97321,67.65,n,2025-11-06,0615,VIIRS-SYNTHETIC
18.54554,73.8981,77.18,n,2025-11-30,1130,VIIRS-SYNTHETIC
18.62185,73.80751,120.84,l,2025-11-08,0415,VIIRS-SYNTHETIC
18.38929,73.80892,9.05,l,2025-11-05,2230,VIIRS-SYNTHETIC
18.46055,73.9581,67.22,h,2025-11-26,0745,VIIRS-SYNTHETIC
18.525,73.84611,94.3,l,2025-11-26,0830,VIIRS-SYNTHETIC
18.62185,73.77668,51.31,n,2025-11-11,0630,VIIRS-SYNTHETIC
18.38539,73.80131,19.66,n,2025-11-16,0200,VIIRS-SYNTHETIC
18.48655,73.9248,27.8,n,2025-11-10,0400,VIIRS-SYNTHETIC
18.57657,73.84214,102.56,n,2025-11-05,2215,VIIRS-SYNTHETIC
18.57064,73.74776,9.94,n,2025-11-10,1245,VIIRS-SYNTHETIC
18.4216,73.85862,8.11,n,2025-11-10,1430,VIIRS-SYNTHETIC
18.47059,73.92387,79.46,n,2025-11-16,0330,VIIRS-SYNTHETIC
18.52494,73.85374,98.9,h,2025-11-12,1430,VIIRS-SYNTHETIC
18.58868,73.79603,6.66,l,2025-11-05,1915,VIIRS-SYNTHETIC
18.41381,73.85799,61.45,n,2025-11-13,0145,VIIRS-SYNTHETIC
18.51441,73.92853,101.92,n,2025-11-28,2345,VIIRS-SYNTHETIC
18.54787,73.83134,103.87,h,2025-11-24,0515,VIIRS-SYNTHETIC
18.62185,73.73193,67.8,l,2025-11-14,1730,VIIRS-SYNTHETIC
18.38539,73.78833,86.11,n,2025-11-16,2300,VIIRS-SYNTHETIC
18.49292,73.9527,118.77,h,2025-11-20,0530,VIIRS-SYNTHETIC
18.51311,73.87371,105.52,h,2025-11-04,0730,VIIRS-SYNTHETIC
18.61526,73.80962,112.01,h,2025-11-15,0015,VIIRS-SYNTHETIC
18.42983,73.84929,72.69,n,2025-11-24,0215,VIIRS-SYNTHETIC
18.51728,73.93683,71.46,n,2025-11-18,0830,VIIRS-SYNTHETIC
18.51172,73.87088,21.3,l,2025-11-01,1615,VIIRS-SYNTHETIC
18.61466,73.75947,66.01,h,2025-11-14,0500,VIIRS-SYNTHETIC
18.38539,73.78422,14.63,n,2025-11-19,0200,VIIRS-SYNTHETIC
18.45216,73.95524,114.99,h,2025-11-28,2015,VIIRS-SYNTHETIC
18.58747,73.83467,18.86,h,2025-11-27,0015,VIIRS-SYNTHETIC
18.60147,73.82553,12.66,n,2025-11-11,1645,VIIRS-SYNTHETIC
18.41822,73.84158,13.26,n,2025-11-20,0615,VIIRS-SYNTHETIC
18.43347,73.9087,67.08,n,2025-11-03,0315,VIIRS-SYNTHETIC
18.51138,73.89963,52.59,n,2025-11-13,0500,VIIRS-SYNTHETIC
18.61247,73.73193,103.33,n,2025-11-17,1815,VIIRS-SYNTHETIC
18.38539,73.79856,110.09,h,2025-11-04,1430,VIIRS-SYNTHETIC
18.44341,73.95686,84.05,n,2025-11-05,0030,VIIRS-SYNTHETIC
18.58422,73.91943,53.5,n,2025-11-30,1245,VIIRS-SYNTHETIC
18.59441,73.73193,30.62,n,2025-11-30,2300,VIIRS-SYNTHETIC
18.38539,73.85971,75.46,n,2025-11-15,1530,VIIRS-SYNTHETIC
18.48602,73.96472,76.15,n,2025-11-12,1945,VIIRS-SYNTHETIC
18.50633,73.9269,112.27,n,2025-11-06,2015,VIIRS-SYNTHETIC
18.60902,73.8047,120.59,l,2025-11-14,2100,VIIRS-SYNTHETIC
18.42582,73.79246,82.55,n,2025-11-20,0015,VIIRS-SYNTHETIC
18.46404,73.96444,104.08,n,2025-11-07,0545,VIIRS-SYNTHETIC
18.56025,73.84244,72.7,l,2025-11-07,1600,VIIRS-SYNTHETIC
18.61887,73.73465,61.72,n,2025-11-06,1300,VIIRS-SYNTHETIC
18.38539,73.81896,5.01,n,2025-11-26,0230,VIIRS-SYNTHETIC
18.45642,73.88238,25.26,h,2025-11-30,0915,VIIRS-SYNTHETIC
18.58865,73.89732,97.03,n,2025-11-24,0200,VIIRS-SYNTHETIC
18.61987,73.75951,119.35,n,2025-11-13,0030,VIIRS-SYNTHETIC
18.38539,73.85121,62.21,l,2025-11-27,0930,VIIRS-SYNTHETIC
18.51243,73.94722,116.69,n,2025-11-20,1315,VIIRS-SYNTHETIC
18.50545,73.90879,96.49,n,2025-11-04,2045,VIIRS-SYNTHETIC
18.55957,73.74185,71.85,n,2025-11-15,1515,VIIRS-SYNTHETIC
18.38539,73.7715,45.49,h,2025-11-03,1745,VIIRS-SYNTHETIC
18.42184,73.90622,73.65,l,2025-11-07,1715,VIIRS-SYNTHETIC
18.57046,73.86323,58.32,n,2025-11-29,1745,VIIRS-SYNTHETIC
18.61424,73.77775,51.23,n,2025-11-28,0145,VIIRS-SYNTHETIC
18.38539,73.85723,82.09,n,2025-11-26,0545,VIIRS-SYNTHETIC
18.43611,73.90504,118.26,h,2025-11-21,0545,VIIRS-SYNTHETIC
18.54727,73.85967,79.7,n,2025-11-29,1000,VIIRS-SYNTHETIC
18.62185,73.8199,108.32,h,2025-11-21,0545,VIIRS-SYNTHETIC
18.38539,73.80063,31.36,l,2025-11-25,2100,VIIRS-SYNTHETIC
18.4785,73.91704,39.01,n,2025-11-19,0330,VIIRS-SYNTHETIC
18.55916,73.88315,120.43,l,2025-11-20,1630,VIIRS-SYNTHETIC
18.58611,73.73193,39.64,n,2025-11-14,2345,VIIRS-SYNTHETIC
18.41736,73.78483,24.79,l,2025-11-10,0115,VIIRS-SYNTHETIC
18.43666,73.92135,103.43,n,2025-11-20,1715,VIIRS-SYNTHETIC
18.59901,73.90596,51.29,n,2025-11-25,1430,VIIRS-SYNTHETIC
18.5625,73.81858,118.67,n,2025-11-19,1315,VIIRS-SYNTHETIC
18.42617,73.85493,62.67,h,2025-11-29,1645,VIIRS-SYNTHETIC
18.483,73.87231,22.36,n,2025-11-28,0930,VIIRS-SYNTHETIC
18.55854,73.87784,8.42,h,2025-11-07,2100,VIIRS-SYNTHETIC
18.57098,73.78247,74.36,n,2025-11-30,0630,VIIRS-SYNTHETIC
18.38539,73.81746,123.7,h,2025-11-01,0215,VIIRS-SYNTHETIC
18.47852,73.96285,88.64,n,2025-11-20,2315,VIIRS-SYNTHETIC
18.54822,73.85784,74.64,n,2025-11-21,1500,VIIRS-SYNTHETIC
18.56571,73.82537,83.97,l,2025-11-19,0515,VIIRS-SYNTHETIC
18.43393,73.78217,23.88,n,2025-11-23,0745,VIIRS-SYNTHETIC
18.44229,73.89998,88.28,n,2025-11-19,1700,VIIRS-SYNTHETIC
18.52494,73.92889,95.56,n,2025-11-30,2100,VIIRS-SYNTHETIC
18.61153,73.7537,96.43,h,2025-11-02,0145,VIIRS-SYNTHETIC
